crop,season,soil_type,field_area,rainfall,soil_moisture,nitrogen,phosphorus,potassium,yield_tons_per_ha
Chili,Kharif,Red Soil,6.2,LOW,LOW,LOW,HIGH,LOW,1.7
Paddy,Summer,Sandy Soil,1.2,LOW,LOW,LOW,HIGH,HIGH,2.41
Paddy,Summer,Black Soil,6.0,HIGH,HIGH,MEDIUM,LOW,MEDIUM,4.83
Paddy,Kharif,Sandy Soil,3.4,LOW,LOW,MEDIUM,LOW,LOW,2.48
Maize,Kharif,Clay Soil,6.9,HIGH,MEDIUM,LOW,HIGH,MEDIUM,4.41
Maize,Kharif,Loamy Soil,3.1,HIGH,HIGH,MEDIUM,HIGH,LOW,6.34
Chili,Kharif,Red Soil,5.6,MEDIUM,LOW,LOW,LOW,MEDIUM,1.94
Groundnut,Kharif,Clay Soil,3.5,HIGH,MEDIUM,HIGH,HIGH,HIGH,2.45
Paddy,Summer,Black Soil,4.7,LOW,LOW,MEDIUM,MEDIUM,MEDIUM,4.18
Tomato,Kharif,Clay Soil,6.9,LOW,LOW,LOW,MEDIUM,MEDIUM,16.62
Groundnut,Kharif,Black Soil,7.4,HIGH,HIGH,MEDIUM,LOW,HIGH,2.18
Chili,Rabi,Black Soil,2.9,LOW,HIGH,HIGH,HIGH,MEDIUM,3.23
Chili,Summer,Sandy Soil,7.3,MEDIUM,MEDIUM,LOW,LOW,HIGH,1.79
Sugarcane,Kharif,Black Soil,5.4,HIGH,MEDIUM,HIGH,LOW,MEDIUM,85.65
Maize,Summer,Sandy Soil,4.7,HIGH,LOW,HIGH,HIGH,LOW,3.92
Groundnut,Summer,Clay Soil,1.8,MEDIUM,LOW,MEDIUM,LOW,HIGH,1.56
Chili,Rabi,Loamy Soil,6.3,HIGH,LOW,HIGH,MEDIUM,HIGH,3.16
Groundnut,Kharif,Loamy Soil,7.7,HIGH,LOW,HIGH,MEDIUM,MEDIUM,2.25
Paddy,Kharif,Clay Soil,7.2,MEDIUM,LOW,LOW,LOW,HIGH,3.78
Maize,Kharif,Loamy Soil,6.4,LOW,HIGH,MEDIUM,HIGH,LOW,5.57
Groundnut,Summer,Loamy Soil,4.0,LOW,HIGH,HIGH,HIGH,LOW,2.24
Chili,Summer,Clay Soil,4.1,HIGH,MEDIUM,LOW,LOW,LOW,2.12
Paddy,Rabi,Red Soil,5.1,LOW,HIGH,LOW,LOW,LOW,3.2
Paddy,Kharif,Clay Soil,1.5,LOW,MEDIUM,HIGH,MEDIUM,LOW,4.14
Tomato,Kharif,Loamy Soil,5.0,LOW,MEDIUM,MEDIUM,LOW,LOW,22.63
Maize,Rabi,Sandy Soil,7.0,LOW,HIGH,HIGH,HIGH,LOW,4.36
Paddy,Rabi,Clay Soil,6.6,LOW,LOW,LOW,LOW,HIGH,2.81
Groundnut,Rabi,Black Soil,7.1,LOW,MEDIUM,HIGH,LOW,LOW,1.85
Chili,Summer,Red Soil,7.8,LOW,LOW,MEDIUM,MEDIUM,MEDIUM,2.11
Paddy,Kharif,Sandy Soil,1.0,MEDIUM,MEDIUM,MEDIUM,MEDIUM,MEDIUM,4.21
Chili,Summer,Loamy Soil,5.6,MEDIUM,LOW,LOW,MEDIUM,LOW,2.58
Tomato,Kharif,Clay Soil,1.4,HIGH,MEDIUM,HIGH,HIGH,LOW,24.93
Paddy,Summer,Red Soil,7.0,LOW,HIGH,LOW,HIGH,LOW,3.2
Tomato,Kharif,Loamy Soil,5.2,HIGH,LOW,MEDIUM,HIGH,HIGH,29.23
Tomato,Summer,Clay Soil,7.5,LOW,HIGH,HIGH,MEDIUM,LOW,22.27
Chili,Rabi,Sandy Soil,3.2,LOW,LOW,MEDIUM,HIGH,HIGH,1.99
Paddy,Kharif,Loamy Soil,2.5,MEDIUM,LOW,MEDIUM,LOW,LOW,4.17
Sugarcane,Summer,Clay Soil,5.3,HIGH,HIGH,LOW,HIGH,HIGH,82.61
Groundnut,Summer,Red Soil,7.6,LOW,MEDIUM,LOW,LOW,HIGH,1.43
Tomato,Kharif,Clay Soil,2.4,HIGH,MEDIUM,HIGH,MEDIUM,MEDIUM,25.67
Sugarcane,Kharif,Red Soil,5.4,MEDIUM,LOW,LOW,MEDIUM,LOW,51.08
Chili,Rabi,Loamy Soil,5.9,HIGH,LOW,LOW,LOW,HIGH,2.57
Cotton,Summer,Red Soil,6.8,HIGH,HIGH,LOW,MEDIUM,LOW,1.84
Sugarcane,Kharif,Clay Soil,2.5,LOW,HIGH,LOW,MEDIUM,HIGH,68.31
Sugarcane,Rabi,Loamy Soil,6.2,LOW,LOW,LOW,MEDIUM,LOW,60.57
Sugarcane,Rabi,Black Soil,2.9,HIGH,LOW,MEDIUM,LOW,MEDIUM,79.59
Cotton,Kharif,Sandy Soil,3.4,LOW,LOW,LOW,HIGH,LOW,1.17
Paddy,Rabi,Clay Soil,5.5,MEDIUM,HIGH,HIGH,MEDIUM,LOW,4.72
Paddy,Rabi,Black Soil,5.1,MEDIUM,LOW,LOW,HIGH,MEDIUM,3.9
Maize,Summer,Loamy Soil,1.8,HIGH,LOW,MEDIUM,LOW,HIGH,5.79
Maize,Kharif,Loamy Soil,7.5,HIGH,HIGH,HIGH,HIGH,HIGH,7.38
Paddy,Summer,Clay Soil,5.4,HIGH,LOW,HIGH,MEDIUM,HIGH,4.27
Groundnut,Summer,Sandy Soil,3.3,HIGH,MEDIUM,HIGH,LOW,LOW,1.37
Chili,Summer,Black Soil,5.3,MEDIUM,MEDIUM,HIGH,LOW,MEDIUM,3.18
Groundnut,Kharif,Sandy Soil,6.5,HIGH,HIGH,MEDIUM,MEDIUM,MEDIUM,1.77
Maize,Summer,Black Soil,5.6,MEDIUM,HIGH,HIGH,HIGH,HIGH,6.89
Groundnut,Kharif,Black Soil,5.7,LOW,LOW,LOW,LOW,LOW,1.34
Sugarcane,Kharif,Sandy Soil,3.9,HIGH,HIGH,LOW,HIGH,HIGH,72.03
Maize,Rabi,Sandy Soil,2.7,HIGH,HIGH,LOW,LOW,MEDIUM,4.13
Chili,Summer,Sandy Soil,1.4,LOW,LOW,MEDIUM,LOW,MEDIUM,1.92
Chili,Summer,Loamy Soil,5.2,MEDIUM,HIGH,HIGH,HIGH,MEDIUM,3.81
Cotton,Summer,Sandy Soil,4.2,LOW,HIGH,MEDIUM,HIGH,MEDIUM,1.47
Chili,Kharif,Clay Soil,4.1,HIGH,MEDIUM,LOW,MEDIUM,MEDIUM,2.56
Cotton,Kharif,Black Soil,3.7,LOW,HIGH,LOW,LOW,MEDIUM,2.1
Maize,Rabi,Loamy Soil,4.3,LOW,LOW,MEDIUM,MEDIUM,HIGH,4.88
Sugarcane,Summer,Sandy Soil,4.3,MEDIUM,MEDIUM,MEDIUM,MEDIUM,HIGH,63.47
Chili,Summer,Loamy Soil,6.6,LOW,MEDIUM,LOW,MEDIUM,MEDIUM,2.51
Chili,Summer,Sandy Soil,6.1,MEDIUM,LOW,HIGH,HIGH,LOW,2.07
Maize,Summer,Loamy Soil,5.6,LOW,HIGH,MEDIUM,LOW,MEDIUM,5.48
Groundnut,Kharif,Sandy Soil,3.3,MEDIUM,MEDIUM,MEDIUM,MEDIUM,LOW,1.6
Maize,Kharif,Loamy Soil,1.4,MEDIUM,LOW,HIGH,LOW,HIGH,5.41
Cotton,Kharif,Red Soil,5.3,LOW,LOW,MEDIUM,HIGH,LOW,1.59
Tomato,Kharif,Sandy Soil,5.9,MEDIUM,LOW,HIGH,HIGH,HIGH,18.96
Cotton,Rabi,Red Soil,5.1,MEDIUM,HIGH,HIGH,MEDIUM,MEDIUM,2.15
Chili,Kharif,Red Soil,5.1,HIGH,LOW,LOW,HIGH,MEDIUM,2.46
Paddy,Summer,Red Soil,3.4,MEDIUM,HIGH,MEDIUM,LOW,HIGH,4.17
Chili,Rabi,Red Soil,6.9,MEDIUM,LOW,MEDIUM,MEDIUM,HIGH,2.54
Cotton,Rabi,Black Soil,6.1,HIGH,MEDIUM,HIGH,HIGH,MEDIUM,2.69
Maize,Rabi,Loamy Soil,2.9,LOW,LOW,MEDIUM,MEDIUM,LOW,4.36
Chili,Rabi,Clay Soil,1.2,MEDIUM,LOW,MEDIUM,LOW,MEDIUM,2.07
Sugarcane,Rabi,Clay Soil,3.0,HIGH,HIGH,MEDIUM,HIGH,LOW,77.42
Cotton,Summer,Sandy Soil,4.4,LOW,HIGH,MEDIUM,HIGH,HIGH,1.64
Maize,Rabi,Red Soil,1.7,LOW,MEDIUM,HIGH,LOW,MEDIUM,4.24
Tomato,Summer,Clay Soil,4.0,HIGH,HIGH,MEDIUM,MEDIUM,HIGH,26.3
Maize,Rabi,Clay Soil,2.8,LOW,HIGH,LOW,MEDIUM,LOW,4.14
Chili,Kharif,Black Soil,2.5,MEDIUM,MEDIUM,HIGH,HIGH,HIGH,3.11
Tomato,Rabi,Red Soil,6.8,MEDIUM,LOW,MEDIUM,LOW,MEDIUM,21.13
Groundnut,Kharif,Red Soil,4.9,HIGH,LOW,HIGH,MEDIUM,LOW,1.75
Sugarcane,Kharif,Loamy Soil,3.0,MEDIUM,MEDIUM,MEDIUM,LOW,LOW,74.75
Paddy,Kharif,Sandy Soil,4.4,HIGH,HIGH,HIGH,LOW,LOW,4.54
Cotton,Summer,Clay Soil,1.6,LOW,LOW,HIGH,MEDIUM,HIGH,1.48
Sugarcane,Summer,Sandy Soil,4.2,MEDIUM,MEDIUM,HIGH,MEDIUM,MEDIUM,61.5
Tomato,Summer,Red Soil,5.3,HIGH,LOW,LOW,HIGH,LOW,18.72
Cotton,Kharif,Loamy Soil,1.5,LOW,MEDIUM,MEDIUM,HIGH,HIGH,2.49
Maize,Rabi,Red Soil,2.6,HIGH,MEDIUM,HIGH,MEDIUM,LOW,4.89
Sugarcane,Summer,Loamy Soil,5.6,LOW,MEDIUM,LOW,HIGH,LOW,60.68
Chili,Kharif,Clay Soil,6.8,LOW,LOW,LOW,MEDIUM,HIGH,2.03
Groundnut,Rabi,Red Soil,4.3,MEDIUM,HIGH,MEDIUM,MEDIUM,HIGH,1.97
Tomato,Rabi,Sandy Soil,1.6,LOW,MEDIUM,HIGH,MEDIUM,HIGH,20.18
Chili,Summer,Loamy Soil,7.7,HIGH,MEDIUM,HIGH,LOW,LOW,3.17
Maize,Summer,Sandy Soil,7.4,LOW,HIGH,MEDIUM,HIGH,MEDIUM,4.56
Maize,Rabi,Clay Soil,5.7,LOW,MEDIUM,MEDIUM,HIGH,MEDIUM,4.7
Groundnut,Summer,Sandy Soil,6.7,HIGH,LOW,MEDIUM,LOW,MEDIUM,1.43
Sugarcane,Rabi,Loamy Soil,6.8,LOW,HIGH,HIGH,MEDIUM,MEDIUM,89.27
Paddy,Kharif,Loamy Soil,3.5,MEDIUM,HIGH,MEDIUM,LOW,LOW,5.16
Groundnut,Rabi,Sandy Soil,1.8,HIGH,HIGH,LOW,HIGH,LOW,1.67
Groundnut,Summer,Red Soil,4.9,LOW,LOW,LOW,MEDIUM,LOW,1.22
Chili,Rabi,Loamy Soil,5.9,MEDIUM,MEDIUM,MEDIUM,LOW,MEDIUM,2.94
Tomato,Kharif,Sandy Soil,2.3,HIGH,HIGH,HIGH,LOW,LOW,19.84
Maize,Rabi,Loamy Soil,2.9,LOW,MEDIUM,HIGH,MEDIUM,HIGH,6.29
Tomato,Summer,Sandy Soil,7.1,MEDIUM,HIGH,MEDIUM,MEDIUM,MEDIUM,19.56
Maize,Rabi,Black Soil,7.9,LOW,HIGH,MEDIUM,LOW,MEDIUM,5.06
Paddy,Rabi,Sandy Soil,5.9,MEDIUM,MEDIUM,HIGH,HIGH,LOW,3.69
Tomato,Summer,Clay Soil,7.1,MEDIUM,LOW,HIGH,MEDIUM,LOW,20.31
Chili,Kharif,Sandy Soil,7.1,LOW,LOW,MEDIUM,MEDIUM,MEDIUM,1.69
Paddy,Rabi,Loamy Soil,3.7,MEDIUM,HIGH,HIGH,MEDIUM,HIGH,5.82
Paddy,Summer,Red Soil,2.6,HIGH,MEDIUM,LOW,HIGH,LOW,3.88
Chili,Summer,Red Soil,4.1,HIGH,MEDIUM,LOW,LOW,MEDIUM,2.4
Sugarcane,Kharif,Clay Soil,3.5,MEDIUM,LOW,LOW,HIGH,MEDIUM,55.16
Cotton,Kharif,Red Soil,5.3,MEDIUM,HIGH,HIGH,LOW,MEDIUM,2.11
Tomato,Kharif,Black Soil,4.2,MEDIUM,MEDIUM,MEDIUM,HIGH,LOW,26.69
Groundnut,Summer,Loamy Soil,2.1,MEDIUM,MEDIUM,HIGH,MEDIUM,HIGH,2.43
Maize,Summer,Clay Soil,4.2,MEDIUM,LOW,MEDIUM,MEDIUM,LOW,4.21
Tomato,Rabi,Clay Soil,1.2,HIGH,MEDIUM,MEDIUM,LOW,HIGH,26.81
Sugarcane,Summer,Red Soil,7.4,HIGH,MEDIUM,MEDIUM,LOW,HIGH,73.69
Cotton,Summer,Clay Soil,5.7,HIGH,HIGH,HIGH,LOW,HIGH,2.09
Paddy,Summer,Red Soil,3.2,MEDIUM,LOW,HIGH,MEDIUM,HIGH,4.41
Groundnut,Summer,Sandy Soil,2.2,LOW,HIGH,MEDIUM,HIGH,HIGH,1.86
Groundnut,Kharif,Clay Soil,7.4,MEDIUM,MEDIUM,HIGH,MEDIUM,LOW,1.89
Sugarcane,Kharif,Sandy Soil,7.8,HIGH,MEDIUM,LOW,MEDIUM,LOW,55.13
Groundnut,Summer,Red Soil,4.2,HIGH,HIGH,HIGH,MEDIUM,HIGH,2.2
Groundnut,Kharif,Black Soil,4.3,HIGH,HIGH,MEDIUM,HIGH,LOW,2.49
Chili,Kharif,Sandy Soil,7.4,MEDIUM,HIGH,MEDIUM,LOW,LOW,2.16
Maize,Kharif,Red Soil,2.6,HIGH,LOW,MEDIUM,MEDIUM,MEDIUM,4.63
Chili,Summer,Loamy Soil,3.9,HIGH,HIGH,LOW,MEDIUM,HIGH,3.55
Maize,Rabi,Red Soil,5.8,LOW,MEDIUM,MEDIUM,LOW,MEDIUM,4.33
Paddy,Summer,Clay Soil,4.8,HIGH,MEDIUM,LOW,MEDIUM,MEDIUM,4.28
Sugarcane,Rabi,Red Soil,5.6,HIGH,HIGH,HIGH,LOW,LOW,74.88
Sugarcane,Rabi,Black Soil,7.9,HIGH,LOW,LOW,HIGH,LOW,62.01
Cotton,Rabi,Black Soil,6.5,HIGH,LOW,MEDIUM,LOW,LOW,1.86
Tomato,Rabi,Black Soil,1.8,LOW,LOW,LOW,MEDIUM,LOW,18.11
Groundnut,Kharif,Black Soil,6.2,HIGH,LOW,HIGH,LOW,MEDIUM,2.01
Maize,Rabi,Loamy Soil,5.2,MEDIUM,HIGH,LOW,HIGH,LOW,5.54
Chili,Summer,Clay Soil,4.2,LOW,LOW,MEDIUM,MEDIUM,MEDIUM,1.84
Chili,Kharif,Sandy Soil,6.0,MEDIUM,LOW,LOW,MEDIUM,HIGH,1.96
Tomato,Summer,Loamy Soil,4.8,MEDIUM,MEDIUM,HIGH,HIGH,MEDIUM,30.42
Maize,Summer,Loamy Soil,4.0,HIGH,LOW,HIGH,HIGH,HIGH,6.22
Maize,Kharif,Sandy Soil,3.4,MEDIUM,MEDIUM,MEDIUM,HIGH,LOW,3.96
Groundnut,Rabi,Clay Soil,5.7,MEDIUM,LOW,HIGH,MEDIUM,LOW,1.73
Maize,Kharif,Clay Soil,6.7,HIGH,LOW,HIGH,HIGH,HIGH,5.38
Groundnut,Summer,Red Soil,3.9,HIGH,MEDIUM,HIGH,LOW,MEDIUM,1.89
Tomato,Summer,Black Soil,2.1,MEDIUM,LOW,LOW,MEDIUM,HIGH,21.34
Groundnut,Kharif,Clay Soil,5.0,MEDIUM,HIGH,HIGH,HIGH,HIGH,2.33
Chili,Summer,Clay Soil,1.2,MEDIUM,HIGH,MEDIUM,MEDIUM,MEDIUM,2.9
Paddy,Kharif,Black Soil,5.0,MEDIUM,LOW,LOW,HIGH,HIGH,4.72
Tomato,Kharif,Sandy Soil,3.9,MEDIUM,LOW,MEDIUM,MEDIUM,HIGH,17.83
Groundnut,Summer,Loamy Soil,1.6,LOW,LOW,LOW,HIGH,LOW,1.55
Chili,Rabi,Sandy Soil,5.2,MEDIUM,MEDIUM,LOW,HIGH,LOW,1.93
Groundnut,Rabi,Red Soil,3.0,HIGH,HIGH,MEDIUM,HIGH,HIGH,2.26
Tomato,Kharif,Red Soil,2.4,LOW,LOW,MEDIUM,MEDIUM,MEDIUM,18.57
Paddy,Kharif,Sandy Soil,6.2,LOW,LOW,MEDIUM,HIGH,HIGH,3.37
Chili,Rabi,Red Soil,3.8,HIGH,LOW,MEDIUM,LOW,MEDIUM,2.5
Paddy,Rabi,Loamy Soil,4.0,MEDIUM,HIGH,HIGH,MEDIUM,MEDIUM,5.82
Groundnut,Kharif,Loamy Soil,4.2,HIGH,MEDIUM,LOW,MEDIUM,LOW,2.06
Cotton,Rabi,Loamy Soil,3.8,LOW,MEDIUM,MEDIUM,HIGH,MEDIUM,2.4
Paddy,Summer,Red Soil,4.7,LOW,MEDIUM,MEDIUM,HIGH,HIGH,4.51
Sugarcane,Kharif,Black Soil,1.7,MEDIUM,LOW,LOW,HIGH,LOW,64.31
Cotton,Summer,Sandy Soil,4.2,HIGH,HIGH,MEDIUM,HIGH,HIGH,1.75
Chili,Summer,Loamy Soil,3.3,HIGH,MEDIUM,LOW,MEDIUM,LOW,2.68
Sugarcane,Rabi,Loamy Soil,1.4,HIGH,LOW,MEDIUM,MEDIUM,MEDIUM,81.5
Paddy,Kharif,Clay Soil,6.8,LOW,HIGH,LOW,HIGH,HIGH,4.28
Tomato,Summer,Red Soil,4.1,HIGH,HIGH,LOW,MEDIUM,HIGH,24.15
Maize,Summer,Black Soil,7.7,MEDIUM,LOW,MEDIUM,HIGH,LOW,4.72
Cotton,Summer,Sandy Soil,7.9,HIGH,HIGH,HIGH,LOW,MEDIUM,1.74
Groundnut,Rabi,Sandy Soil,3.9,MEDIUM,HIGH,HIGH,LOW,HIGH,1.76
Paddy,Summer,Sandy Soil,3.0,HIGH,HIGH,HIGH,LOW,MEDIUM,3.99
Paddy,Summer,Black Soil,7.4,MEDIUM,HIGH,HIGH,HIGH,MEDIUM,5.96
Paddy,Rabi,Loamy Soil,3.6,MEDIUM,LOW,HIGH,HIGH,HIGH,5.35
Chili,Summer,Red Soil,5.5,MEDIUM,HIGH,MEDIUM,LOW,MEDIUM,2.52
Groundnut,Rabi,Black Soil,2.6,LOW,LOW,LOW,MEDIUM,LOW,1.68
Tomato,Summer,Loamy Soil,1.3,MEDIUM,HIGH,LOW,HIGH,MEDIUM,28.32
Chili,Summer,Black Soil,6.0,LOW,MEDIUM,MEDIUM,HIGH,HIGH,3.05
Cotton,Rabi,Loamy Soil,3.0,HIGH,MEDIUM,LOW,HIGH,LOW,2.28
Maize,Kharif,Clay Soil,5.7,HIGH,MEDIUM,MEDIUM,MEDIUM,MEDIUM,5.81
Tomato,Summer,Sandy Soil,7.8,LOW,HIGH,LOW,MEDIUM,LOW,14.56
Tomato,Kharif,Loamy Soil,7.0,MEDIUM,LOW,LOW,MEDIUM,MEDIUM,20.23
Tomato,Kharif,Sandy Soil,1.6,LOW,MEDIUM,MEDIUM,LOW,MEDIUM,17.9
Cotton,Rabi,Red Soil,3.6,LOW,MEDIUM,LOW,HIGH,HIGH,1.9
Groundnut,Kharif,Black Soil,1.3,MEDIUM,HIGH,LOW,HIGH,MEDIUM,2.21
Paddy,Kharif,Clay Soil,2.5,LOW,HIGH,HIGH,HIGH,HIGH,5.17
Maize,Kharif,Clay Soil,2.7,LOW,LOW,LOW,MEDIUM,HIGH,3.85
Paddy,Rabi,Loamy Soil,4.8,HIGH,HIGH,HIGH,LOW,HIGH,5.66
Cotton,Rabi,Sandy Soil,1.0,MEDIUM,LOW,HIGH,MEDIUM,LOW,1.53
Groundnut,Kharif,Loamy Soil,4.8,HIGH,HIGH,LOW,MEDIUM,MEDIUM,2.31
Paddy,Summer,Sandy Soil,7.9,MEDIUM,HIGH,LOW,MEDIUM,LOW,3.12
Chili,Kharif,Loamy Soil,6.1,MEDIUM,LOW,LOW,MEDIUM,HIGH,2.87
Groundnut,Summer,Black Soil,6.8,HIGH,MEDIUM,HIGH,MEDIUM,HIGH,2.54
Chili,Rabi,Red Soil,3.1,LOW,LOW,LOW,MEDIUM,MEDIUM,1.96
Tomato,Rabi,Loamy Soil,4.3,LOW,HIGH,LOW,MEDIUM,MEDIUM,25.8
Chili,Rabi,Clay Soil,1.9,MEDIUM,MEDIUM,MEDIUM,HIGH,MEDIUM,2.81
Maize,Rabi,Black Soil,4.5,MEDIUM,MEDIUM,HIGH,MEDIUM,LOW,5.6
Tomato,Kharif,Loamy Soil,3.1,LOW,LOW,MEDIUM,HIGH,MEDIUM,21.82
Groundnut,Rabi,Loamy Soil,6.0,LOW,HIGH,MEDIUM,MEDIUM,MEDIUM,2.42
Groundnut,Summer,Sandy Soil,2.9,LOW,LOW,HIGH,HIGH,MEDIUM,1.44
Groundnut,Summer,Black Soil,7.7,LOW,HIGH,HIGH,MEDIUM,LOW,2.14
Chili,Rabi,Clay Soil,3.7,HIGH,LOW,HIGH,LOW,HIGH,2.68
Maize,Rabi,Clay Soil,4.1,LOW,HIGH,LOW,HIGH,MEDIUM,4.37
Cotton,Kharif,Red Soil,6.1,MEDIUM,HIGH,MEDIUM,HIGH,LOW,2.26
Groundnut,Rabi,Sandy Soil,2.5,HIGH,MEDIUM,HIGH,MEDIUM,LOW,1.84
Maize,Kharif,Sandy Soil,8.0,HIGH,MEDIUM,HIGH,MEDIUM,HIGH,5.23
Paddy,Summer,Loamy Soil,3.0,MEDIUM,LOW,HIGH,HIGH,HIGH,4.84
Tomato,Kharif,Red Soil,7.9,LOW,LOW,MEDIUM,LOW,MEDIUM,14.99
Tomato,Summer,Clay Soil,4.3,HIGH,LOW,HIGH,LOW,LOW,18.37
Chili,Rabi,Loamy Soil,3.9,MEDIUM,HIGH,LOW,LOW,MEDIUM,3.42
Chili,Kharif,Sandy Soil,4.3,HIGH,MEDIUM,LOW,HIGH,HIGH,2.18
Cotton,Rabi,Loamy Soil,7.4,LOW,LOW,HIGH,LOW,MEDIUM,1.84
Cotton,Kharif,Clay Soil,7.5,LOW,MEDIUM,HIGH,MEDIUM,LOW,1.91
Tomato,Rabi,Black Soil,5.4,HIGH,HIGH,LOW,HIGH,HIGH,32.25
Cotton,Summer,Loamy Soil,2.1,HIGH,HIGH,HIGH,HIGH,MEDIUM,2.78
Sugarcane,Kharif,Red Soil,1.3,HIGH,HIGH,MEDIUM,HIGH,LOW,73.37
Sugarcane,Summer,Sandy Soil,5.3,LOW,MEDIUM,HIGH,HIGH,MEDIUM,58.07
Cotton,Summer,Sandy Soil,3.1,LOW,HIGH,LOW,LOW,MEDIUM,1.23
Maize,Rabi,Sandy Soil,2.4,HIGH,LOW,MEDIUM,HIGH,MEDIUM,4.07
Maize,Kharif,Clay Soil,4.6,LOW,MEDIUM,LOW,MEDIUM,LOW,3.37
Groundnut,Rabi,Black Soil,2.0,LOW,MEDIUM,MEDIUM,HIGH,MEDIUM,2.06
Cotton,Rabi,Loamy Soil,6.0,LOW,LOW,MEDIUM,HIGH,MEDIUM,2.26
Maize,Rabi,Sandy Soil,1.2,MEDIUM,HIGH,MEDIUM,LOW,LOW,3.87
Groundnut,Rabi,Loamy Soil,7.2,HIGH,HIGH,MEDIUM,MEDIUM,HIGH,2.65
Paddy,Kharif,Sandy Soil,1.9,MEDIUM,HIGH,MEDIUM,MEDIUM,MEDIUM,4.32
Tomato,Kharif,Clay Soil,4.9,LOW,MEDIUM,HIGH,MEDIUM,HIGH,23.08
Groundnut,Summer,Loamy Soil,1.8,LOW,MEDIUM,MEDIUM,MEDIUM,HIGH,2.3
Cotton,Summer,Loamy Soil,3.8,LOW,LOW,LOW,LOW,HIGH,1.46
Groundnut,Rabi,Loamy Soil,4.2,HIGH,HIGH,LOW,MEDIUM,HIGH,2.4
Tomato,Summer,Clay Soil,5.2,HIGH,HIGH,HIGH,MEDIUM,HIGH,29.64
Tomato,Rabi,Sandy Soil,6.7,MEDIUM,MEDIUM,HIGH,LOW,MEDIUM,18.44
Chili,Summer,Red Soil,5.2,MEDIUM,HIGH,HIGH,HIGH,LOW,2.76
Chili,Kharif,Loamy Soil,4.4,HIGH,HIGH,HIGH,HIGH,MEDIUM,4.04
Paddy,Summer,Red Soil,2.3,MEDIUM,MEDIUM,MEDIUM,LOW,MEDIUM,4.27
Chili,Kharif,Sandy Soil,4.5,HIGH,MEDIUM,HIGH,HIGH,LOW,2.42
Tomato,Rabi,Sandy Soil,4.7,MEDIUM,LOW,MEDIUM,HIGH,MEDIUM,17.42
Tomato,Rabi,Clay Soil,5.3,LOW,LOW,MEDIUM,HIGH,MEDIUM,20.46
Groundnut,Rabi,Black Soil,5.8,MEDIUM,MEDIUM,MEDIUM,MEDIUM,HIGH,2.54
Sugarcane,Summer,Clay Soil,3.0,HIGH,HIGH,HIGH,MEDIUM,MEDIUM,90.16
Sugarcane,Kharif,Clay Soil,1.3,HIGH,LOW,MEDIUM,MEDIUM,HIGH,62.57
Groundnut,Summer,Sandy Soil,2.5,HIGH,MEDIUM,HIGH,HIGH,MEDIUM,1.96
Tomato,Kharif,Black Soil,1.4,HIGH,LOW,HIGH,LOW,LOW,23.82
Paddy,Rabi,Clay Soil,6.0,LOW,HIGH,LOW,LOW,HIGH,3.89
Chili,Rabi,Sandy Soil,5.6,MEDIUM,MEDIUM,MEDIUM,HIGH,LOW,2.22
Sugarcane,Kharif,Loamy Soil,2.6,HIGH,HIGH,LOW,LOW,MEDIUM,83.45
Paddy,Rabi,Sandy Soil,2.3,HIGH,MEDIUM,LOW,LOW,MEDIUM,3.2
Tomato,Summer,Red Soil,7.5,MEDIUM,MEDIUM,MEDIUM,HIGH,HIGH,21.95
Cotton,Summer,Sandy Soil,2.9,LOW,MEDIUM,LOW,HIGH,MEDIUM,1.32
Chili,Rabi,Black Soil,1.1,MEDIUM,MEDIUM,HIGH,HIGH,LOW,3.26
Maize,Rabi,Loamy Soil,3.3,MEDIUM,HIGH,LOW,LOW,LOW,5.43
Maize,Rabi,Black Soil,1.0,MEDIUM,LOW,MEDIUM,MEDIUM,MEDIUM,4.89
Paddy,Rabi,Clay Soil,5.8,LOW,HIGH,LOW,MEDIUM,MEDIUM,4.23
Cotton,Rabi,Loamy Soil,7.5,HIGH,MEDIUM,HIGH,LOW,HIGH,2.79
Tomato,Kharif,Black Soil,7.7,MEDIUM,LOW,MEDIUM,HIGH,HIGH,24.37
Groundnut,Rabi,Loamy Soil,7.4,HIGH,HIGH,LOW,LOW,HIGH,2.28
Paddy,Summer,Sandy Soil,4.7,MEDIUM,LOW,HIGH,LOW,LOW,2.51
Sugarcane,Summer,Loamy Soil,2.4,HIGH,LOW,LOW,MEDIUM,HIGH,71.0
Chili,Summer,Sandy Soil,1.6,HIGH,MEDIUM,LOW,MEDIUM,LOW,2.12
Tomato,Rabi,Sandy Soil,4.9,HIGH,MEDIUM,HIGH,MEDIUM,HIGH,24.52
Paddy,Summer,Black Soil,5.0,LOW,MEDIUM,MEDIUM,HIGH,LOW,4.35
Tomato,Kharif,Red Soil,7.9,MEDIUM,LOW,MEDIUM,MEDIUM,LOW,18.96
Chili,Summer,Sandy Soil,3.6,MEDIUM,MEDIUM,MEDIUM,MEDIUM,LOW,1.91
Chili,Summer,Loamy Soil,1.9,MEDIUM,LOW,LOW,HIGH,MEDIUM,2.46
Cotton,Kharif,Red Soil,7.8,MEDIUM,HIGH,HIGH,HIGH,MEDIUM,2.38
Tomato,Rabi,Black Soil,2.7,MEDIUM,LOW,MEDIUM,LOW,HIGH,23.66
Chili,Rabi,Loamy Soil,6.4,LOW,LOW,LOW,LOW,LOW,1.92
Tomato,Kharif,Sandy Soil,5.2,HIGH,LOW,LOW,HIGH,LOW,15.48
Cotton,Kharif,Black Soil,4.5,MEDIUM,LOW,HIGH,HIGH,MEDIUM,2.35
Tomato,Summer,Clay Soil,2.7,LOW,HIGH,HIGH,LOW,MEDIUM,22.2
Tomato,Summer,Black Soil,5.4,MEDIUM,HIGH,MEDIUM,LOW,MEDIUM,26.69
Chili,Summer,Sandy Soil,6.5,MEDIUM,HIGH,MEDIUM,MEDIUM,LOW,2.26
Tomato,Rabi,Black Soil,6.9,MEDIUM,HIGH,LOW,MEDIUM,LOW,25.73
Tomato,Rabi,Sandy Soil,4.9,LOW,MEDIUM,LOW,MEDIUM,LOW,15.52
Maize,Rabi,Red Soil,4.7,LOW,LOW,MEDIUM,MEDIUM,HIGH,4.08
Tomato,Summer,Red Soil,7.1,LOW,HIGH,HIGH,HIGH,HIGH,24.86
Groundnut,Rabi,Red Soil,2.5,LOW,HIGH,LOW,HIGH,MEDIUM,1.81
Cotton,Summer,Loamy Soil,5.9,MEDIUM,LOW,HIGH,MEDIUM,MEDIUM,1.95
Groundnut,Rabi,Clay Soil,3.5,MEDIUM,MEDIUM,LOW,HIGH,MEDIUM,1.94
Sugarcane,Rabi,Black Soil,3.6,MEDIUM,LOW,HIGH,LOW,HIGH,75.6
Tomato,Summer,Sandy Soil,3.1,LOW,MEDIUM,LOW,MEDIUM,HIGH,17.55
Sugarcane,Kharif,Sandy Soil,4.9,HIGH,MEDIUM,MEDIUM,MEDIUM,HIGH,64.41
Cotton,Summer,Clay Soil,2.2,HIGH,HIGH,MEDIUM,LOW,HIGH,1.96
Chili,Kharif,Loamy Soil,1.2,LOW,HIGH,LOW,LOW,MEDIUM,2.76
Paddy,Summer,Black Soil,1.1,HIGH,MEDIUM,MEDIUM,LOW,HIGH,5.3
Chili,Summer,Loamy Soil,7.4,HIGH,MEDIUM,LOW,LOW,HIGH,2.97
Tomato,Summer,Clay Soil,4.8,MEDIUM,LOW,HIGH,HIGH,HIGH,23.1
Maize,Kharif,Red Soil,7.4,HIGH,LOW,LOW,LOW,HIGH,3.59
Groundnut,Rabi,Red Soil,3.6,MEDIUM,MEDIUM,HIGH,LOW,HIGH,1.9
Cotton,Rabi,Red Soil,5.6,HIGH,LOW,LOW,MEDIUM,MEDIUM,1.69
Chili,Kharif,Black Soil,1.6,MEDIUM,HIGH,MEDIUM,HIGH,LOW,3.3
Tomato,Kharif,Black Soil,2.5,HIGH,HIGH,MEDIUM,MEDIUM,LOW,29.24
Groundnut,Summer,Loamy Soil,5.6,LOW,MEDIUM,LOW,LOW,HIGH,1.76
Cotton,Summer,Sandy Soil,7.5,MEDIUM,LOW,HIGH,LOW,HIGH,1.48
Tomato,Rabi,Sandy Soil,6.3,LOW,HIGH,HIGH,LOW,HIGH,19.31
Chili,Rabi,Red Soil,1.7,LOW,LOW,MEDIUM,HIGH,HIGH,2.36
Sugarcane,Rabi,Red Soil,5.4,MEDIUM,MEDIUM,LOW,MEDIUM,HIGH,66.49
Maize,Rabi,Black Soil,5.8,HIGH,MEDIUM,LOW,HIGH,MEDIUM,5.84
Paddy,Rabi,Black Soil,3.7,HIGH,LOW,HIGH,MEDIUM,MEDIUM,4.5
Groundnut,Kharif,Red Soil,1.0,MEDIUM,MEDIUM,MEDIUM,MEDIUM,LOW,1.82
Maize,Summer,Loamy Soil,4.6,LOW,LOW,LOW,MEDIUM,HIGH,4.55
Paddy,Summer,Loamy Soil,6.5,MEDIUM,LOW,MEDIUM,MEDIUM,MEDIUM,4.61
Tomato,Kharif,Loamy Soil,4.6,HIGH,MEDIUM,LOW,LOW,MEDIUM,22.71
Groundnut,Rabi,Sandy Soil,2.0,LOW,MEDIUM,MEDIUM,MEDIUM,MEDIUM,1.44
Groundnut,Kharif,Sandy Soil,5.2,LOW,MEDIUM,LOW,LOW,MEDIUM,1.25
Paddy,Rabi,Clay Soil,6.9,MEDIUM,MEDIUM,MEDIUM,MEDIUM,MEDIUM,4.59
Tomato,Kharif,Clay Soil,3.2,HIGH,LOW,MEDIUM,MEDIUM,LOW,18.32
Maize,Rabi,Clay Soil,6.1,HIGH,MEDIUM,HIGH,LOW,MEDIUM,4.93
Maize,Rabi,Red Soil,7.5,LOW,HIGH,HIGH,LOW,HIGH,5.2
Sugarcane,Summer,Red Soil,7.7,MEDIUM,HIGH,LOW,MEDIUM,MEDIUM,69.96
Sugarcane,Rabi,Sandy Soil,2.0,MEDIUM,LOW,MEDIUM,HIGH,LOW,51.2
Chili,Rabi,Sandy Soil,1.5,HIGH,MEDIUM,HIGH,MEDIUM,HIGH,2.31
Chili,Rabi,Loamy Soil,1.3,MEDIUM,HIGH,HIGH,HIGH,HIGH,3.83
Paddy,Kharif,Black Soil,5.6,MEDIUM,LOW,HIGH,HIGH,LOW,4.49
Chili,Rabi,Clay Soil,7.8,MEDIUM,LOW,LOW,LOW,MEDIUM,1.96
Cotton,Summer,Loamy Soil,4.9,HIGH,HIGH,LOW,MEDIUM,MEDIUM,2.13
Tomato,Summer,Loamy Soil,2.1,LOW,MEDIUM,LOW,MEDIUM,MEDIUM,23.98
Paddy,Kharif,Black Soil,3.4,MEDIUM,MEDIUM,LOW,HIGH,MEDIUM,5.01
Chili,Summer,Sandy Soil,3.2,MEDIUM,LOW,HIGH,LOW,LOW,1.9
Sugarcane,Rabi,Red Soil,5.7,LOW,HIGH,LOW,HIGH,LOW,57.58
Maize,Rabi,Black Soil,6.6,HIGH,LOW,LOW,HIGH,HIGH,5.18
Maize,Rabi,Red Soil,6.2,LOW,MEDIUM,HIGH,MEDIUM,MEDIUM,4.85
Groundnut,Summer,Red Soil,5.0,HIGH,LOW,MEDIUM,MEDIUM,LOW,1.66
Maize,Kharif,Clay Soil,5.7,MEDIUM,HIGH,HIGH,MEDIUM,HIGH,5.69
Paddy,Rabi,Clay Soil,6.9,HIGH,LOW,HIGH,HIGH,MEDIUM,4.6
Tomato,Summer,Red Soil,5.7,MEDIUM,LOW,LOW,MEDIUM,LOW,17.71
Tomato,Rabi,Sandy Soil,5.2,HIGH,MEDIUM,MEDIUM,LOW,MEDIUM,22.03
Chili,Summer,Black Soil,4.9,MEDIUM,MEDIUM,LOW,LOW,MEDIUM,2.71
Sugarcane,Rabi,Red Soil,4.4,LOW,MEDIUM,HIGH,HIGH,HIGH,67.53
Maize,Rabi,Sandy Soil,3.9,MEDIUM,MEDIUM,LOW,LOW,HIGH,4.19
Groundnut,Kharif,Clay Soil,2.6,MEDIUM,LOW,MEDIUM,HIGH,HIGH,1.88
Sugarcane,Rabi,Loamy Soil,4.6,HIGH,LOW,MEDIUM,HIGH,MEDIUM,77.28
Sugarcane,Summer,Sandy Soil,4.8,MEDIUM,LOW,HIGH,HIGH,LOW,53.39
Groundnut,Kharif,Sandy Soil,2.8,LOW,MEDIUM,LOW,LOW,LOW,1.2
Groundnut,Summer,Loamy Soil,5.4,LOW,HIGH,LOW,LOW,LOW,1.61
Sugarcane,Kharif,Loamy Soil,3.5,MEDIUM,HIGH,HIGH,LOW,MEDIUM,93.38
Tomato,Rabi,Loamy Soil,7.9,HIGH,LOW,LOW,MEDIUM,LOW,22.74
Groundnut,Summer,Black Soil,5.9,LOW,LOW,LOW,HIGH,MEDIUM,1.71
Chili,Rabi,Sandy Soil,2.0,HIGH,MEDIUM,HIGH,MEDIUM,MEDIUM,2.33
Maize,Kharif,Red Soil,3.8,HIGH,MEDIUM,HIGH,MEDIUM,MEDIUM,5.68
Paddy,Summer,Red Soil,6.1,MEDIUM,HIGH,HIGH,HIGH,MEDIUM,4.88
Sugarcane,Kharif,Loamy Soil,3.8,MEDIUM,LOW,MEDIUM,MEDIUM,MEDIUM,77.42
Tomato,Kharif,Loamy Soil,7.0,MEDIUM,HIGH,LOW,LOW,LOW,21.99
Chili,Rabi,Red Soil,1.9,LOW,MEDIUM,MEDIUM,LOW,MEDIUM,2.3
Cotton,Summer,Clay Soil,2.1,MEDIUM,LOW,HIGH,MEDIUM,MEDIUM,1.91
Paddy,Rabi,Black Soil,1.4,HIGH,MEDIUM,HIGH,HIGH,LOW,5.22
Paddy,Kharif,Black Soil,4.3,LOW,HIGH,LOW,HIGH,HIGH,5.13
Maize,Kharif,Red Soil,5.9,LOW,MEDIUM,HIGH,LOW,MEDIUM,4.6
Chili,Kharif,Red Soil,3.2,MEDIUM,LOW,MEDIUM,LOW,HIGH,2.33
Chili,Kharif,Red Soil,4.7,LOW,HIGH,HIGH,LOW,MEDIUM,2.47
Chili,Kharif,Sandy Soil,5.3,MEDIUM,LOW,LOW,LOW,LOW,1.65
Sugarcane,Kharif,Loamy Soil,6.1,MEDIUM,MEDIUM,MEDIUM,LOW,LOW,74.6
Tomato,Summer,Loamy Soil,6.0,MEDIUM,HIGH,LOW,HIGH,MEDIUM,28.39
Cotton,Summer,Loamy Soil,4.6,HIGH,MEDIUM,MEDIUM,HIGH,LOW,2.32
Cotton,Rabi,Sandy Soil,1.8,MEDIUM,HIGH,HIGH,LOW,HIGH,1.77
Paddy,Rabi,Clay Soil,1.9,HIGH,MEDIUM,MEDIUM,HIGH,HIGH,5.1
Sugarcane,Kharif,Red Soil,5.1,LOW,MEDIUM,LOW,LOW,LOW,53.82
Sugarcane,Rabi,Loamy Soil,3.0,HIGH,HIGH,MEDIUM,MEDIUM,HIGH,95.69
Tomato,Summer,Black Soil,2.9,MEDIUM,LOW,HIGH,LOW,LOW,22.25
Tomato,Rabi,Sandy Soil,5.1,HIGH,HIGH,HIGH,LOW,MEDIUM,22.11
Sugarcane,Kharif,Red Soil,2.7,MEDIUM,LOW,MEDIUM,HIGH,HIGH,61.38
Paddy,Rabi,Black Soil,1.8,HIGH,LOW,HIGH,LOW,LOW,4.02
Tomato,Summer,Clay Soil,2.2,LOW,HIGH,MEDIUM,HIGH,LOW,22.09
Sugarcane,Kharif,Clay Soil,6.6,MEDIUM,HIGH,LOW,MEDIUM,HIGH,79.48
Maize,Rabi,Loamy Soil,3.5,MEDIUM,HIGH,LOW,MEDIUM,LOW,5.34
Groundnut,Kharif,Loamy Soil,5.7,LOW,LOW,HIGH,HIGH,LOW,2.02
Cotton,Kharif,Sandy Soil,3.5,LOW,LOW,LOW,HIGH,HIGH,1.44
Chili,Summer,Sandy Soil,2.6,LOW,MEDIUM,HIGH,MEDIUM,MEDIUM,2.25
Paddy,Summer,Red Soil,2.3,HIGH,LOW,MEDIUM,LOW,MEDIUM,3.47
Sugarcane,Rabi,Clay Soil,3.3,HIGH,MEDIUM,LOW,MEDIUM,LOW,63.84
Chili,Summer,Black Soil,4.2,HIGH,MEDIUM,LOW,HIGH,HIGH,3.43
Sugarcane,Kharif,Black Soil,1.0,MEDIUM,LOW,LOW,HIGH,MEDIUM,64.96
Paddy,Rabi,Red Soil,6.3,MEDIUM,HIGH,HIGH,MEDIUM,LOW,4.21
Cotton,Summer,Black Soil,3.9,LOW,LOW,HIGH,MEDIUM,LOW,1.71
Sugarcane,Summer,Sandy Soil,5.9,MEDIUM,MEDIUM,HIGH,LOW,HIGH,63.35
Paddy,Summer,Black Soil,5.5,MEDIUM,LOW,HIGH,HIGH,LOW,3.9
Cotton,Rabi,Clay Soil,7.0,MEDIUM,HIGH,HIGH,MEDIUM,MEDIUM,2.52
Maize,Rabi,Black Soil,1.5,LOW,LOW,HIGH,LOW,LOW,4.31
Groundnut,Rabi,Red Soil,4.8,LOW,MEDIUM,MEDIUM,MEDIUM,MEDIUM,1.78
Sugarcane,Kharif,Red Soil,2.1,HIGH,MEDIUM,HIGH,HIGH,HIGH,91.01
Groundnut,Kharif,Red Soil,6.0,MEDIUM,MEDIUM,HIGH,LOW,HIGH,1.98
Groundnut,Rabi,Black Soil,1.2,MEDIUM,MEDIUM,HIGH,HIGH,HIGH,2.46
Sugarcane,Kharif,Red Soil,1.1,LOW,LOW,LOW,MEDIUM,MEDIUM,54.86
Chili,Summer,Red Soil,5.1,MEDIUM,LOW,LOW,LOW,LOW,1.95
Cotton,Kharif,Clay Soil,1.9,MEDIUM,LOW,LOW,HIGH,MEDIUM,1.73
Sugarcane,Summer,Sandy Soil,4.5,MEDIUM,HIGH,MEDIUM,LOW,MEDIUM,61.76
Groundnut,Rabi,Black Soil,1.2,HIGH,HIGH,LOW,HIGH,MEDIUM,2.4
Maize,Rabi,Loamy Soil,4.4,LOW,MEDIUM,MEDIUM,LOW,MEDIUM,5.2
Tomato,Kharif,Loamy Soil,6.6,MEDIUM,HIGH,MEDIUM,MEDIUM,HIGH,32.85
Sugarcane,Rabi,Clay Soil,7.4,HIGH,MEDIUM,MEDIUM,MEDIUM,LOW,77.34
Paddy,Rabi,Red Soil,6.7,MEDIUM,HIGH,MEDIUM,HIGH,LOW,4.47
Cotton,Kharif,Black Soil,5.6,MEDIUM,HIGH,HIGH,LOW,LOW,2.08
Maize,Rabi,Black Soil,2.2,HIGH,MEDIUM,HIGH,HIGH,MEDIUM,6.2
Tomato,Kharif,Clay Soil,7.6,HIGH,LOW,HIGH,LOW,MEDIUM,20.83
Paddy,Kharif,Red Soil,2.6,LOW,LOW,HIGH,MEDIUM,LOW,3.5
Groundnut,Summer,Black Soil,6.6,MEDIUM,HIGH,LOW,MEDIUM,LOW,2.12
Cotton,Kharif,Loamy Soil,7.0,LOW,MEDIUM,HIGH,HIGH,MEDIUM,2.49
Tomato,Kharif,Clay Soil,3.1,LOW,LOW,HIGH,MEDIUM,HIGH,21.57
Cotton,Summer,Loamy Soil,5.9,HIGH,MEDIUM,LOW,HIGH,HIGH,2.27
Sugarcane,Kharif,Sandy Soil,3.1,HIGH,MEDIUM,LOW,LOW,HIGH,63.01
Tomato,Rabi,Loamy Soil,1.2,HIGH,MEDIUM,HIGH,LOW,HIGH,31.12
Tomato,Kharif,Sandy Soil,2.0,HIGH,LOW,LOW,MEDIUM,MEDIUM,17.98
Paddy,Summer,Clay Soil,4.1,MEDIUM,LOW,LOW,HIGH,LOW,3.83
Groundnut,Rabi,Red Soil,6.0,LOW,MEDIUM,MEDIUM,HIGH,MEDIUM,1.98
Maize,Rabi,Clay Soil,4.8,LOW,MEDIUM,HIGH,HIGH,HIGH,5.04
Cotton,Kharif,Sandy Soil,1.5,LOW,MEDIUM,LOW,MEDIUM,MEDIUM,1.52
Cotton,Rabi,Black Soil,6.1,HIGH,LOW,MEDIUM,HIGH,HIGH,2.41
Maize,Summer,Red Soil,4.0,HIGH,LOW,HIGH,MEDIUM,LOW,4.75
Cotton,Rabi,Loamy Soil,6.1,HIGH,HIGH,MEDIUM,HIGH,MEDIUM,2.97
Groundnut,Kharif,Red Soil,1.3,HIGH,HIGH,MEDIUM,LOW,LOW,1.78
Groundnut,Summer,Loamy Soil,4.4,LOW,LOW,LOW,LOW,HIGH,1.66
Groundnut,Kharif,Sandy Soil,6.9,MEDIUM,MEDIUM,MEDIUM,MEDIUM,HIGH,1.69
Maize,Kharif,Clay Soil,7.2,MEDIUM,LOW,MEDIUM,LOW,MEDIUM,4.55
Maize,Rabi,Clay Soil,2.6,MEDIUM,HIGH,LOW,LOW,HIGH,4.74
Groundnut,Summer,Sandy Soil,7.8,HIGH,LOW,HIGH,LOW,MEDIUM,1.47
Sugarcane,Summer,Sandy Soil,7.8,HIGH,MEDIUM,HIGH,LOW,MEDIUM,62.52
Sugarcane,Summer,Red Soil,4.5,HIGH,HIGH,HIGH,HIGH,LOW,84.82
Paddy,Rabi,Black Soil,7.6,LOW,LOW,LOW,LOW,LOW,2.42
Maize,Kharif,Black Soil,6.8,MEDIUM,MEDIUM,HIGH,LOW,LOW,5.6
Maize,Summer,Sandy Soil,4.9,MEDIUM,HIGH,MEDIUM,LOW,HIGH,4.18
Maize,Kharif,Sandy Soil,2.0,HIGH,HIGH,HIGH,LOW,LOW,4.15
Tomato,Kharif,Clay Soil,7.1,MEDIUM,MEDIUM,MEDIUM,MEDIUM,HIGH,22.73
Paddy,Kharif,Clay Soil,3.8,HIGH,HIGH,HIGH,HIGH,MEDIUM,5.81
Paddy,Rabi,Clay Soil,5.8,LOW,HIGH,MEDIUM,MEDIUM,MEDIUM,4.68
Groundnut,Rabi,Clay Soil,6.9,HIGH,HIGH,LOW,LOW,LOW,1.74
Groundnut,Summer,Sandy Soil,6.4,MEDIUM,MEDIUM,HIGH,MEDIUM,HIGH,1.74
Cotton,Rabi,Sandy Soil,6.3,MEDIUM,LOW,HIGH,LOW,LOW,1.4
Groundnut,Summer,Loamy Soil,3.8,HIGH,HIGH,LOW,LOW,LOW,2.06
Paddy,Kharif,Red Soil,4.2,MEDIUM,HIGH,LOW,MEDIUM,MEDIUM,4.38
Sugarcane,Rabi,Loamy Soil,3.8,LOW,HIGH,LOW,LOW,MEDIUM,66.49
Sugarcane,Rabi,Loamy Soil,4.9,MEDIUM,LOW,MEDIUM,HIGH,HIGH,81.56
Paddy,Rabi,Red Soil,3.7,LOW,HIGH,LOW,LOW,HIGH,3.67
Chili,Rabi,Loamy Soil,1.1,HIGH,LOW,MEDIUM,LOW,HIGH,3.01
Cotton,Summer,Red Soil,2.6,HIGH,MEDIUM,HIGH,HIGH,HIGH,2.13
Sugarcane,Rabi,Sandy Soil,2.8,MEDIUM,MEDIUM,HIGH,HIGH,HIGH,76.75
Maize,Summer,Red Soil,1.1,HIGH,MEDIUM,HIGH,HIGH,HIGH,5.66
Paddy,Rabi,Red Soil,3.4,MEDIUM,HIGH,MEDIUM,MEDIUM,MEDIUM,4.44
Chili,Summer,Clay Soil,2.3,HIGH,LOW,LOW,HIGH,MEDIUM,2.31
Chili,Kharif,Sandy Soil,8.0,MEDIUM,MEDIUM,MEDIUM,MEDIUM,HIGH,2.2
Paddy,Summer,Loamy Soil,6.7,MEDIUM,HIGH,HIGH,LOW,HIGH,5.23
Chili,Rabi,Loamy Soil,3.1,LOW,HIGH,HIGH,LOW,MEDIUM,3.0
Paddy,Rabi,Black Soil,6.2,HIGH,HIGH,LOW,HIGH,MEDIUM,5.17
Cotton,Summer,Clay Soil,3.9,MEDIUM,MEDIUM,MEDIUM,HIGH,MEDIUM,1.9
Maize,Kharif,Sandy Soil,1.4,HIGH,HIGH,HIGH,HIGH,LOW,4.69
Paddy,Summer,Sandy Soil,4.7,MEDIUM,LOW,LOW,LOW,LOW,2.56
Groundnut,Rabi,Loamy Soil,7.2,MEDIUM,LOW,MEDIUM,HIGH,LOW,1.98
Chili,Kharif,Clay Soil,5.4,LOW,MEDIUM,MEDIUM,LOW,LOW,1.99
Tomato,Kharif,Sandy Soil,6.5,LOW,LOW,HIGH,MEDIUM,HIGH,15.49
Maize,Rabi,Red Soil,1.3,LOW,HIGH,MEDIUM,LOW,MEDIUM,4.58
Sugarcane,Summer,Black Soil,1.1,LOW,HIGH,HIGH,LOW,LOW,71.88
Cotton,Kharif,Sandy Soil,4.5,MEDIUM,LOW,LOW,LOW,MEDIUM,1.25
Groundnut,Rabi,Loamy Soil,5.2,MEDIUM,MEDIUM,HIGH,LOW,MEDIUM,2.37
Sugarcane,Kharif,Black Soil,7.6,MEDIUM,LOW,LOW,LOW,HIGH,63.85
Cotton,Kharif,Red Soil,5.1,LOW,LOW,MEDIUM,HIGH,HIGH,1.78
Chili,Rabi,Loamy Soil,5.4,HIGH,LOW,HIGH,LOW,HIGH,2.93
Sugarcane,Kharif,Red Soil,5.8,MEDIUM,MEDIUM,MEDIUM,LOW,HIGH,69.01
Cotton,Summer,Red Soil,3.1,HIGH,LOW,HIGH,HIGH,MEDIUM,2.03
Tomato,Summer,Black Soil,3.9,LOW,HIGH,HIGH,HIGH,LOW,25.56
Maize,Kharif,Loamy Soil,2.4,MEDIUM,HIGH,LOW,MEDIUM,HIGH,6.49
Maize,Rabi,Black Soil,1.3,MEDIUM,LOW,HIGH,MEDIUM,MEDIUM,5.27
Paddy,Kharif,Loamy Soil,5.7,LOW,LOW,HIGH,LOW,HIGH,4.47
Chili,Kharif,Clay Soil,5.5,MEDIUM,MEDIUM,MEDIUM,MEDIUM,LOW,2.63
Paddy,Rabi,Clay Soil,6.6,MEDIUM,MEDIUM,HIGH,LOW,LOW,4.12
Sugarcane,Kharif,Red Soil,7.0,HIGH,HIGH,LOW,MEDIUM,MEDIUM,80.14
Groundnut,Summer,Red Soil,3.6,MEDIUM,LOW,LOW,MEDIUM,MEDIUM,1.37
Maize,Rabi,Sandy Soil,5.8,MEDIUM,MEDIUM,HIGH,LOW,LOW,4.19
Sugarcane,Kharif,Red Soil,3.9,HIGH,MEDIUM,HIGH,HIGH,MEDIUM,85.87
Cotton,Summer,Sandy Soil,6.5,HIGH,LOW,HIGH,HIGH,LOW,1.38
Maize,Rabi,Red Soil,1.4,HIGH,MEDIUM,LOW,HIGH,HIGH,5.16
Tomato,Summer,Loamy Soil,6.1,LOW,HIGH,MEDIUM,HIGH,HIGH,27.98
Maize,Summer,Black Soil,4.4,HIGH,HIGH,HIGH,MEDIUM,LOW,5.96
Sugarcane,Summer,Loamy Soil,1.4,HIGH,LOW,HIGH,MEDIUM,MEDIUM,85.34
Maize,Rabi,Black Soil,3.3,MEDIUM,LOW,HIGH,LOW,HIGH,5.04
Chili,Rabi,Sandy Soil,6.7,LOW,MEDIUM,MEDIUM,HIGH,MEDIUM,2.28
Groundnut,Kharif,Sandy Soil,6.2,LOW,LOW,MEDIUM,MEDIUM,LOW,1.26
Tomato,Summer,Red Soil,6.8,HIGH,HIGH,HIGH,MEDIUM,HIGH,26.06
Maize,Rabi,Clay Soil,6.8,LOW,MEDIUM,MEDIUM,HIGH,HIGH,4.78
Tomato,Rabi,Clay Soil,6.0,LOW,LOW,HIGH,LOW,LOW,16.42
Sugarcane,Rabi,Loamy Soil,4.7,HIGH,LOW,LOW,LOW,MEDIUM,74.01
Cotton,Summer,Sandy Soil,1.7,HIGH,LOW,LOW,LOW,MEDIUM,1.3
Cotton,Summer,Clay Soil,1.8,MEDIUM,LOW,HIGH,HIGH,HIGH,2.07
Paddy,Rabi,Sandy Soil,5.6,HIGH,LOW,MEDIUM,LOW,HIGH,3.31
Maize,Summer,Sandy Soil,7.5,LOW,HIGH,HIGH,LOW,HIGH,3.87
Sugarcane,Kharif,Red Soil,3.7,HIGH,HIGH,MEDIUM,HIGH,MEDIUM,78.19
Chili,Kharif,Clay Soil,3.8,MEDIUM,MEDIUM,MEDIUM,LOW,LOW,2.48
Maize,Summer,Loamy Soil,3.1,HIGH,HIGH,MEDIUM,HIGH,HIGH,7.52
Cotton,Kharif,Loamy Soil,6.0,HIGH,MEDIUM,HIGH,LOW,HIGH,2.65
Chili,Kharif,Loamy Soil,4.8,HIGH,MEDIUM,HIGH,LOW,MEDIUM,3.16
Chili,Summer,Sandy Soil,5.7,HIGH,MEDIUM,MEDIUM,LOW,HIGH,2.28
Paddy,Kharif,Sandy Soil,2.0,HIGH,LOW,LOW,MEDIUM,LOW,3.49
Cotton,Kharif,Clay Soil,2.4,HIGH,LOW,MEDIUM,MEDIUM,LOW,1.86
Tomato,Summer,Loamy Soil,7.1,HIGH,HIGH,HIGH,MEDIUM,LOW,28.22
Chili,Rabi,Red Soil,7.5,MEDIUM,MEDIUM,HIGH,MEDIUM,HIGH,2.87
Paddy,Kharif,Clay Soil,2.4,MEDIUM,LOW,HIGH,HIGH,HIGH,4.46
Tomato,Summer,Loamy Soil,2.4,HIGH,LOW,MEDIUM,MEDIUM,LOW,22.44
Chili,Kharif,Black Soil,7.7,HIGH,HIGH,LOW,MEDIUM,LOW,2.76
Cotton,Kharif,Loamy Soil,6.9,LOW,MEDIUM,MEDIUM,HIGH,LOW,2.27
Paddy,Kharif,Clay Soil,5.2,HIGH,HIGH,HIGH,MEDIUM,MEDIUM,5.66
Paddy,Summer,Clay Soil,4.7,LOW,HIGH,LOW,HIGH,LOW,3.49
Maize,Summer,Loamy Soil,3.8,MEDIUM,LOW,LOW,HIGH,MEDIUM,4.88
Sugarcane,Summer,Loamy Soil,4.3,HIGH,HIGH,LOW,LOW,HIGH,87.93
Groundnut,Rabi,Black Soil,7.3,HIGH,HIGH,LOW,LOW,HIGH,2.25
Sugarcane,Kharif,Sandy Soil,2.8,HIGH,MEDIUM,LOW,HIGH,MEDIUM,59.03
Tomato,Summer,Sandy Soil,4.4,MEDIUM,HIGH,LOW,MEDIUM,HIGH,20.36
Sugarcane,Summer,Loamy Soil,1.1,LOW,LOW,HIGH,HIGH,LOW,69.32
Sugarcane,Summer,Sandy Soil,6.8,LOW,HIGH,HIGH,HIGH,MEDIUM,59.09
Chili,Summer,Black Soil,1.2,HIGH,MEDIUM,LOW,LOW,LOW,2.27
Paddy,Kharif,Clay Soil,4.9,HIGH,LOW,MEDIUM,MEDIUM,MEDIUM,4.23
Groundnut,Kharif,Sandy Soil,5.7,HIGH,LOW,HIGH,HIGH,HIGH,1.74
Paddy,Summer,Loamy Soil,1.3,LOW,MEDIUM,HIGH,LOW,MEDIUM,4.62
Paddy,Rabi,Sandy Soil,3.7,HIGH,LOW,MEDIUM,LOW,HIGH,3.15
Cotton,Kharif,Sandy Soil,6.6,HIGH,MEDIUM,HIGH,LOW,MEDIUM,1.76
Sugarcane,Summer,Clay Soil,7.7,LOW,HIGH,HIGH,LOW,LOW,57.65
Paddy,Kharif,Loamy Soil,5.2,HIGH,HIGH,LOW,MEDIUM,LOW,5.29
Groundnut,Kharif,Sandy Soil,7.3,HIGH,LOW,LOW,LOW,LOW,0.98
Tomato,Rabi,Black Soil,1.8,HIGH,HIGH,LOW,HIGH,MEDIUM,29.14
Chili,Kharif,Clay Soil,1.7,HIGH,HIGH,MEDIUM,MEDIUM,MEDIUM,3.03
Cotton,Summer,Black Soil,1.7,HIGH,LOW,LOW,MEDIUM,MEDIUM,1.67
Groundnut,Summer,Loamy Soil,2.1,HIGH,MEDIUM,MEDIUM,MEDIUM,LOW,2.31
Paddy,Rabi,Black Soil,6.5,HIGH,HIGH,HIGH,MEDIUM,MEDIUM,5.87
Chili,Rabi,Sandy Soil,4.2,MEDIUM,MEDIUM,MEDIUM,HIGH,LOW,2.16
Cotton,Summer,Loamy Soil,1.6,MEDIUM,LOW,HIGH,LOW,MEDIUM,1.91
Chili,Kharif,Red Soil,6.9,HIGH,LOW,HIGH,HIGH,MEDIUM,2.49
Sugarcane,Summer,Black Soil,7.3,HIGH,MEDIUM,HIGH,HIGH,MEDIUM,93.05
Maize,Kharif,Loamy Soil,6.1,MEDIUM,LOW,MEDIUM,HIGH,HIGH,5.51
Paddy,Rabi,Clay Soil,4.5,HIGH,LOW,HIGH,HIGH,LOW,4.19
Cotton,Kharif,Loamy Soil,7.6,HIGH,LOW,HIGH,HIGH,MEDIUM,2.5
Groundnut,Kharif,Black Soil,6.3,LOW,LOW,MEDIUM,MEDIUM,LOW,1.67
Sugarcane,Rabi,Sandy Soil,4.3,MEDIUM,LOW,LOW,HIGH,MEDIUM,51.93
Paddy,Summer,Loamy Soil,5.4,MEDIUM,HIGH,MEDIUM,HIGH,HIGH,5.72
Maize,Rabi,Loamy Soil,5.6,LOW,HIGH,MEDIUM,MEDIUM,LOW,5.29
Tomato,Rabi,Clay Soil,6.7,MEDIUM,MEDIUM,MEDIUM,HIGH,LOW,23.3
Cotton,Kharif,Red Soil,4.6,MEDIUM,LOW,LOW,LOW,LOW,1.43
Groundnut,Summer,Red Soil,5.6,MEDIUM,MEDIUM,HIGH,LOW,MEDIUM,1.81
Tomato,Kharif,Sandy Soil,1.2,LOW,LOW,HIGH,HIGH,LOW,14.4
Cotton,Summer,Loamy Soil,1.3,HIGH,LOW,LOW,LOW,MEDIUM,1.87
Maize,Summer,Loamy Soil,5.5,HIGH,HIGH,HIGH,MEDIUM,LOW,6.43
Cotton,Rabi,Loamy Soil,7.9,MEDIUM,LOW,LOW,MEDIUM,HIGH,2.2
Sugarcane,Kharif,Loamy Soil,5.6,MEDIUM,LOW,HIGH,HIGH,MEDIUM,86.06
Maize,Summer,Loamy Soil,1.5,MEDIUM,MEDIUM,LOW,LOW,LOW,4.82
Tomato,Summer,Sandy Soil,6.8,HIGH,LOW,LOW,MEDIUM,HIGH,19.68
Tomato,Kharif,Loamy Soil,4.5,LOW,LOW,MEDIUM,HIGH,LOW,22.1
Paddy,Summer,Sandy Soil,4.7,MEDIUM,LOW,HIGH,HIGH,MEDIUM,3.35
Cotton,Rabi,Sandy Soil,3.5,HIGH,HIGH,HIGH,LOW,MEDIUM,2.07
Cotton,Kharif,Clay Soil,5.2,HIGH,MEDIUM,MEDIUM,LOW,LOW,2.07
Chili,Summer,Red Soil,5.0,LOW,HIGH,LOW,MEDIUM,HIGH,2.51
Maize,Rabi,Red Soil,2.1,HIGH,HIGH,MEDIUM,MEDIUM,HIGH,6.18
Maize,Summer,Clay Soil,5.3,HIGH,MEDIUM,LOW,MEDIUM,HIGH,5.15
Groundnut,Summer,Loamy Soil,4.4,MEDIUM,HIGH,MEDIUM,HIGH,MEDIUM,2.43
Chili,Kharif,Red Soil,6.2,MEDIUM,HIGH,LOW,LOW,LOW,1.97
Sugarcane,Summer,Loamy Soil,5.9,HIGH,LOW,LOW,MEDIUM,HIGH,75.94
Paddy,Kharif,Black Soil,4.3,HIGH,MEDIUM,LOW,LOW,MEDIUM,4.78
Paddy,Summer,Sandy Soil,7.5,MEDIUM,HIGH,HIGH,HIGH,MEDIUM,4.35
Chili,Summer,Red Soil,7.6,LOW,HIGH,MEDIUM,MEDIUM,LOW,2.46
Sugarcane,Summer,Clay Soil,2.4,HIGH,HIGH,HIGH,HIGH,LOW,89.04
Tomato,Kharif,Red Soil,3.5,HIGH,LOW,LOW,LOW,MEDIUM,18.2
Maize,Rabi,Loamy Soil,2.4,LOW,HIGH,HIGH,LOW,LOW,5.06
Tomato,Rabi,Loamy Soil,7.4,MEDIUM,MEDIUM,MEDIUM,LOW,HIGH,29.4
Maize,Summer,Red Soil,2.8,MEDIUM,HIGH,LOW,HIGH,LOW,4.58
Tomato,Rabi,Clay Soil,7.6,HIGH,MEDIUM,HIGH,HIGH,MEDIUM,27.14
Tomato,Rabi,Black Soil,6.3,MEDIUM,HIGH,MEDIUM,HIGH,LOW,25.73
Maize,Kharif,Clay Soil,1.5,HIGH,LOW,HIGH,HIGH,LOW,4.92
Groundnut,Summer,Loamy Soil,1.1,MEDIUM,LOW,MEDIUM,LOW,MEDIUM,1.79
Chili,Summer,Clay Soil,1.5,LOW,MEDIUM,MEDIUM,MEDIUM,LOW,2.4
Chili,Summer,Black Soil,4.5,LOW,LOW,HIGH,LOW,MEDIUM,2.29
Cotton,Kharif,Black Soil,6.8,HIGH,MEDIUM,LOW,LOW,LOW,2.13
Chili,Rabi,Loamy Soil,1.0,HIGH,LOW,MEDIUM,MEDIUM,HIGH,3.01
Groundnut,Rabi,Loamy Soil,7.1,MEDIUM,LOW,HIGH,MEDIUM,MEDIUM,2.14
Paddy,Summer,Sandy Soil,4.3,HIGH,LOW,HIGH,MEDIUM,MEDIUM,3.9
Sugarcane,Summer,Black Soil,4.2,LOW,HIGH,HIGH,MEDIUM,MEDIUM,83.39
Cotton,Rabi,Loamy Soil,1.7,MEDIUM,HIGH,MEDIUM,LOW,HIGH,2.6
Groundnut,Kharif,Clay Soil,4.3,HIGH,MEDIUM,MEDIUM,LOW,MEDIUM,1.84
Sugarcane,Rabi,Clay Soil,7.0,MEDIUM,MEDIUM,LOW,HIGH,LOW,66.62
Tomato,Summer,Black Soil,6.7,HIGH,MEDIUM,LOW,HIGH,MEDIUM,26.87
Sugarcane,Summer,Black Soil,4.3,LOW,LOW,MEDIUM,MEDIUM,LOW,58.16
Sugarcane,Summer,Loamy Soil,4.7,MEDIUM,MEDIUM,MEDIUM,MEDIUM,HIGH,90.09
Paddy,Summer,Black Soil,1.4,MEDIUM,MEDIUM,HIGH,LOW,MEDIUM,4.81
Chili,Rabi,Clay Soil,3.5,HIGH,HIGH,MEDIUM,MEDIUM,LOW,2.76
Chili,Summer,Black Soil,5.0,HIGH,HIGH,HIGH,LOW,MEDIUM,3.46
Groundnut,Rabi,Loamy Soil,4.4,HIGH,MEDIUM,LOW,MEDIUM,HIGH,2.27
Cotton,Kharif,Clay Soil,4.0,HIGH,HIGH,MEDIUM,LOW,LOW,2.25
Cotton,Rabi,Black Soil,3.2,HIGH,MEDIUM,HIGH,MEDIUM,HIGH,2.71
Maize,Rabi,Loamy Soil,4.6,MEDIUM,MEDIUM,LOW,LOW,LOW,4.5
Cotton,Summer,Black Soil,5.6,HIGH,HIGH,HIGH,LOW,LOW,2.21
Paddy,Rabi,Loamy Soil,1.4,MEDIUM,HIGH,LOW,LOW,MEDIUM,4.76
Tomato,Kharif,Red Soil,5.6,MEDIUM,MEDIUM,LOW,LOW,HIGH,19.75
Cotton,Summer,Black Soil,1.2,HIGH,MEDIUM,MEDIUM,MEDIUM,MEDIUM,2.4
Sugarcane,Summer,Clay Soil,4.8,LOW,HIGH,HIGH,LOW,HIGH,68.02
Chili,Summer,Sandy Soil,4.7,HIGH,HIGH,MEDIUM,MEDIUM,MEDIUM,2.46
Tomato,Kharif,Red Soil,4.1,MEDIUM,MEDIUM,MEDIUM,LOW,MEDIUM,22.75
Sugarcane,Kharif,Clay Soil,3.0,HIGH,LOW,HIGH,MEDIUM,MEDIUM,72.17
Groundnut,Kharif,Sandy Soil,6.6,HIGH,LOW,LOW,HIGH,MEDIUM,1.53
Maize,Rabi,Black Soil,2.1,HIGH,HIGH,MEDIUM,MEDIUM,LOW,6.48
Groundnut,Kharif,Sandy Soil,5.4,HIGH,HIGH,HIGH,HIGH,MEDIUM,1.96
Sugarcane,Rabi,Sandy Soil,2.3,LOW,LOW,LOW,MEDIUM,LOW,46.62
Chili,Rabi,Loamy Soil,4.2,HIGH,HIGH,MEDIUM,LOW,MEDIUM,3.41
Tomato,Kharif,Black Soil,7.8,MEDIUM,MEDIUM,LOW,HIGH,MEDIUM,25.07
Chili,Kharif,Black Soil,1.6,LOW,MEDIUM,LOW,MEDIUM,MEDIUM,2.44
Groundnut,Rabi,Red Soil,3.3,LOW,LOW,MEDIUM,MEDIUM,LOW,1.55
Tomato,Rabi,Black Soil,2.3,MEDIUM,MEDIUM,LOW,LOW,HIGH,24.46
Maize,Kharif,Red Soil,2.4,HIGH,LOW,HIGH,HIGH,LOW,5.14
Maize,Rabi,Clay Soil,7.6,LOW,HIGH,HIGH,LOW,HIGH,5.31
Groundnut,Rabi,Clay Soil,2.4,LOW,HIGH,LOW,LOW,LOW,1.43
Chili,Rabi,Clay Soil,1.1,MEDIUM,HIGH,LOW,MEDIUM,LOW,2.52
Sugarcane,Summer,Sandy Soil,5.8,LOW,MEDIUM,LOW,LOW,LOW,43.28
Maize,Kharif,Loamy Soil,3.4,HIGH,LOW,LOW,MEDIUM,HIGH,5.47
Paddy,Kharif,Sandy Soil,2.6,HIGH,HIGH,MEDIUM,MEDIUM,HIGH,4.85
Cotton,Kharif,Sandy Soil,3.5,LOW,MEDIUM,LOW,MEDIUM,HIGH,1.46
Chili,Rabi,Black Soil,5.0,HIGH,MEDIUM,MEDIUM,HIGH,MEDIUM,3.41
Groundnut,Summer,Loamy Soil,2.1,HIGH,LOW,MEDIUM,MEDIUM,MEDIUM,2.04
Sugarcane,Summer,Loamy Soil,3.7,LOW,LOW,HIGH,MEDIUM,HIGH,71.86
Cotton,Rabi,Red Soil,5.6,HIGH,MEDIUM,LOW,HIGH,HIGH,2.03
Tomato,Rabi,Clay Soil,3.9,MEDIUM,LOW,LOW,HIGH,HIGH,21.38
Paddy,Kharif,Black Soil,2.3,LOW,LOW,LOW,MEDIUM,LOW,3.77
Sugarcane,Rabi,Sandy Soil,4.7,HIGH,HIGH,MEDIUM,LOW,MEDIUM,67.17
Cotton,Summer,Red Soil,1.1,LOW,HIGH,MEDIUM,LOW,MEDIUM,1.67
Tomato,Summer,Sandy Soil,6.8,HIGH,LOW,HIGH,MEDIUM,HIGH,19.5
Paddy,Summer,Red Soil,6.8,LOW,LOW,HIGH,LOW,LOW,3.01
Cotton,Kharif,Loamy Soil,5.6,HIGH,HIGH,LOW,HIGH,HIGH,2.65
Tomato,Rabi,Red Soil,6.4,HIGH,MEDIUM,HIGH,MEDIUM,HIGH,26.09
Cotton,Kharif,Loamy Soil,3.8,MEDIUM,HIGH,LOW,HIGH,HIGH,2.46
Maize,Rabi,Clay Soil,4.9,MEDIUM,MEDIUM,MEDIUM,HIGH,MEDIUM,5.39
Cotton,Summer,Loamy Soil,2.5,HIGH,HIGH,MEDIUM,MEDIUM,MEDIUM,2.41
Maize,Rabi,Red Soil,6.1,MEDIUM,HIGH,LOW,HIGH,LOW,4.86
Groundnut,Kharif,Black Soil,7.0,LOW,HIGH,MEDIUM,HIGH,HIGH,2.28
Tomato,Summer,Loamy Soil,2.1,LOW,MEDIUM,MEDIUM,LOW,LOW,21.35
Cotton,Kharif,Clay Soil,6.7,LOW,HIGH,MEDIUM,HIGH,LOW,2.25
Chili,Kharif,Clay Soil,6.6,LOW,MEDIUM,HIGH,HIGH,HIGH,2.8
Chili,Rabi,Red Soil,6.1,HIGH,MEDIUM,LOW,LOW,MEDIUM,2.32
Groundnut,Rabi,Sandy Soil,7.5,LOW,LOW,HIGH,HIGH,HIGH,1.56
Chili,Rabi,Red Soil,3.1,LOW,MEDIUM,HIGH,HIGH,LOW,2.35
Groundnut,Summer,Black Soil,2.1,HIGH,HIGH,MEDIUM,MEDIUM,HIGH,2.51
Maize,Rabi,Sandy Soil,2.0,MEDIUM,LOW,MEDIUM,HIGH,HIGH,3.97
Paddy,Summer,Sandy Soil,2.8,MEDIUM,HIGH,MEDIUM,HIGH,LOW,3.83
Cotton,Rabi,Sandy Soil,5.6,LOW,HIGH,HIGH,HIGH,HIGH,1.83
Cotton,Kharif,Red Soil,2.9,MEDIUM,MEDIUM,HIGH,HIGH,LOW,2.21
Groundnut,Rabi,Black Soil,3.2,HIGH,HIGH,LOW,MEDIUM,LOW,2.15
Groundnut,Summer,Sandy Soil,5.4,MEDIUM,LOW,LOW,LOW,HIGH,1.15
Sugarcane,Kharif,Red Soil,6.2,LOW,HIGH,LOW,MEDIUM,LOW,62.79
Groundnut,Summer,Red Soil,3.1,MEDIUM,LOW,MEDIUM,LOW,HIGH,1.55
Tomato,Rabi,Loamy Soil,4.4,HIGH,LOW,HIGH,HIGH,HIGH,30.09
Paddy,Rabi,Loamy Soil,7.3,HIGH,LOW,MEDIUM,LOW,LOW,4.11
Tomato,Rabi,Red Soil,4.3,LOW,LOW,MEDIUM,HIGH,MEDIUM,21.41
Chili,Summer,Clay Soil,7.0,LOW,MEDIUM,HIGH,MEDIUM,LOW,2.59
Chili,Kharif,Clay Soil,4.4,HIGH,HIGH,LOW,LOW,LOW,2.38
Tomato,Rabi,Loamy Soil,7.5,LOW,LOW,LOW,HIGH,MEDIUM,20.83
Cotton,Kharif,Clay Soil,5.8,MEDIUM,HIGH,MEDIUM,LOW,HIGH,2.32
Groundnut,Kharif,Clay Soil,7.2,LOW,HIGH,MEDIUM,LOW,LOW,1.59
Cotton,Kharif,Sandy Soil,4.6,HIGH,HIGH,HIGH,HIGH,LOW,2.15
Maize,Kharif,Loamy Soil,2.1,MEDIUM,HIGH,MEDIUM,MEDIUM,HIGH,6.86
Tomato,Summer,Black Soil,7.0,MEDIUM,HIGH,HIGH,HIGH,LOW,29.93
Maize,Kharif,Loamy Soil,7.4,MEDIUM,LOW,HIGH,HIGH,HIGH,6.05
Cotton,Summer,Red Soil,6.4,MEDIUM,MEDIUM,MEDIUM,MEDIUM,HIGH,1.97
Sugarcane,Summer,Clay Soil,2.1,LOW,LOW,LOW,LOW,LOW,45.12
Groundnut,Summer,Loamy Soil,5.3,HIGH,LOW,LOW,HIGH,LOW,1.76
Groundnut,Kharif,Sandy Soil,1.9,HIGH,MEDIUM,HIGH,HIGH,MEDIUM,1.91
Maize,Kharif,Black Soil,2.4,LOW,MEDIUM,LOW,MEDIUM,MEDIUM,4.94
Cotton,Summer,Black Soil,6.3,LOW,LOW,MEDIUM,HIGH,MEDIUM,1.64
Cotton,Rabi,Sandy Soil,6.4,HIGH,HIGH,MEDIUM,HIGH,MEDIUM,1.89
Maize,Summer,Loamy Soil,5.2,HIGH,HIGH,HIGH,LOW,HIGH,7.04
Paddy,Kharif,Loamy Soil,4.8,HIGH,LOW,HIGH,MEDIUM,HIGH,5.81
Sugarcane,Summer,Red Soil,2.3,MEDIUM,MEDIUM,MEDIUM,MEDIUM,MEDIUM,72.82
Paddy,Summer,Loamy Soil,7.3,MEDIUM,HIGH,MEDIUM,LOW,HIGH,5.51
Tomato,Kharif,Black Soil,6.5,HIGH,HIGH,LOW,MEDIUM,MEDIUM,26.85
Maize,Summer,Black Soil,7.2,LOW,MEDIUM,MEDIUM,HIGH,HIGH,5.58
Chili,Kharif,Red Soil,1.6,HIGH,MEDIUM,HIGH,MEDIUM,LOW,2.62
Sugarcane,Summer,Loamy Soil,7.6,MEDIUM,HIGH,MEDIUM,LOW,LOW,79.26
Groundnut,Summer,Black Soil,2.1,LOW,LOW,HIGH,LOW,MEDIUM,1.63
Maize,Rabi,Black Soil,1.8,LOW,LOW,LOW,HIGH,MEDIUM,4.62
Paddy,Rabi,Sandy Soil,7.0,HIGH,LOW,HIGH,MEDIUM,LOW,3.45
Maize,Rabi,Sandy Soil,1.6,HIGH,LOW,LOW,HIGH,MEDIUM,4.14
Tomato,Summer,Loamy Soil,6.7,LOW,LOW,LOW,LOW,LOW,16.6
Sugarcane,Kharif,Loamy Soil,6.9,MEDIUM,MEDIUM,LOW,LOW,LOW,66.43
Maize,Kharif,Black Soil,5.7,HIGH,HIGH,HIGH,HIGH,HIGH,6.87
Maize,Summer,Loamy Soil,3.5,LOW,LOW,MEDIUM,MEDIUM,MEDIUM,4.52
Maize,Kharif,Sandy Soil,6.9,LOW,MEDIUM,MEDIUM,LOW,LOW,3.26
Tomato,Rabi,Loamy Soil,2.5,LOW,HIGH,LOW,LOW,HIGH,23.81
Chili,Summer,Loamy Soil,7.9,MEDIUM,HIGH,HIGH,HIGH,HIGH,3.8
Groundnut,Rabi,Loamy Soil,5.0,HIGH,MEDIUM,LOW,HIGH,HIGH,2.52
Maize,Summer,Sandy Soil,4.4,LOW,HIGH,LOW,HIGH,MEDIUM,3.92
Paddy,Rabi,Red Soil,6.2,LOW,HIGH,MEDIUM,MEDIUM,LOW,3.86
Groundnut,Rabi,Loamy Soil,6.6,LOW,LOW,HIGH,LOW,HIGH,1.79
Groundnut,Rabi,Loamy Soil,4.8,LOW,LOW,HIGH,MEDIUM,MEDIUM,2.05
Maize,Summer,Loamy Soil,5.3,LOW,LOW,LOW,MEDIUM,MEDIUM,4.52
Maize,Kharif,Black Soil,4.4,HIGH,MEDIUM,HIGH,MEDIUM,MEDIUM,6.18
Sugarcane,Rabi,Red Soil,6.8,MEDIUM,HIGH,HIGH,HIGH,MEDIUM,81.65
Tomato,Summer,Clay Soil,6.6,MEDIUM,LOW,LOW,MEDIUM,LOW,17.41
Groundnut,Rabi,Loamy Soil,6.9,HIGH,HIGH,MEDIUM,LOW,HIGH,2.63
Groundnut,Summer,Clay Soil,6.0,MEDIUM,MEDIUM,LOW,MEDIUM,LOW,1.78
Groundnut,Rabi,Clay Soil,2.5,MEDIUM,LOW,LOW,MEDIUM,LOW,1.5
Maize,Summer,Red Soil,6.6,HIGH,LOW,LOW,MEDIUM,MEDIUM,3.64
Chili,Summer,Clay Soil,6.4,LOW,LOW,HIGH,HIGH,LOW,2.19
Maize,Summer,Loamy Soil,1.8,MEDIUM,LOW,HIGH,HIGH,LOW,5.42
Groundnut,Rabi,Red Soil,1.7,HIGH,HIGH,MEDIUM,LOW,HIGH,2.07
Cotton,Rabi,Black Soil,2.3,MEDIUM,HIGH,MEDIUM,MEDIUM,HIGH,2.52
Paddy,Rabi,Black Soil,2.1,LOW,LOW,HIGH,HIGH,HIGH,4.55
Tomato,Rabi,Clay Soil,2.0,HIGH,MEDIUM,HIGH,LOW,LOW,24.74
Paddy,Rabi,Loamy Soil,7.2,HIGH,MEDIUM,LOW,LOW,LOW,3.92
Paddy,Rabi,Red Soil,1.6,MEDIUM,LOW,HIGH,HIGH,HIGH,4.27
Chili,Summer,Sandy Soil,5.3,MEDIUM,MEDIUM,LOW,HIGH,HIGH,2.28
Sugarcane,Rabi,Loamy Soil,1.9,HIGH,MEDIUM,LOW,MEDIUM,MEDIUM,81.49
Chili,Summer,Sandy Soil,4.3,LOW,LOW,HIGH,MEDIUM,MEDIUM,1.71
Chili,Rabi,Clay Soil,4.2,LOW,LOW,MEDIUM,LOW,MEDIUM,2.14
Maize,Rabi,Black Soil,3.0,MEDIUM,HIGH,HIGH,LOW,HIGH,6.59
Sugarcane,Kharif,Clay Soil,4.9,LOW,MEDIUM,HIGH,MEDIUM,MEDIUM,73.57
Tomato,Rabi,Black Soil,5.3,HIGH,LOW,MEDIUM,MEDIUM,LOW,22.97
Tomato,Rabi,Sandy Soil,5.0,MEDIUM,HIGH,HIGH,LOW,LOW,22.03
Chili,Summer,Red Soil,6.2,HIGH,HIGH,MEDIUM,LOW,HIGH,2.79
Paddy,Rabi,Black Soil,3.2,MEDIUM,LOW,HIGH,LOW,HIGH,4.32
Sugarcane,Summer,Sandy Soil,3.3,HIGH,HIGH,LOW,LOW,LOW,56.93
Sugarcane,Summer,Red Soil,6.3,HIGH,LOW,MEDIUM,HIGH,MEDIUM,61.72
Maize,Summer,Loamy Soil,4.1,LOW,HIGH,MEDIUM,MEDIUM,HIGH,6.1
Maize,Summer,Clay Soil,7.9,HIGH,LOW,HIGH,HIGH,MEDIUM,4.78
Sugarcane,Kharif,Clay Soil,1.4,HIGH,LOW,LOW,HIGH,HIGH,69.0
Sugarcane,Rabi,Red Soil,2.6,HIGH,HIGH,MEDIUM,HIGH,MEDIUM,79.48
Chili,Rabi,Sandy Soil,3.7,HIGH,LOW,HIGH,LOW,MEDIUM,2.22
Sugarcane,Rabi,Sandy Soil,2.1,HIGH,LOW,LOW,LOW,LOW,48.42
Chili,Kharif,Black Soil,6.0,MEDIUM,HIGH,MEDIUM,LOW,LOW,3.01
Sugarcane,Rabi,Loamy Soil,7.5,HIGH,LOW,MEDIUM,HIGH,MEDIUM,88.52
Tomato,Rabi,Sandy Soil,3.5,LOW,MEDIUM,HIGH,LOW,HIGH,17.01
Chili,Summer,Clay Soil,3.9,HIGH,HIGH,MEDIUM,LOW,LOW,2.67
Tomato,Rabi,Clay Soil,1.8,MEDIUM,HIGH,LOW,LOW,HIGH,22.82
Sugarcane,Rabi,Sandy Soil,4.6,HIGH,HIGH,LOW,LOW,MEDIUM,47.6
Chili,Summer,Red Soil,5.8,HIGH,HIGH,MEDIUM,HIGH,LOW,3.03
Paddy,Rabi,Sandy Soil,4.6,MEDIUM,HIGH,HIGH,MEDIUM,MEDIUM,3.96
Groundnut,Rabi,Clay Soil,2.2,HIGH,HIGH,HIGH,MEDIUM,HIGH,2.4
Chili,Rabi,Loamy Soil,2.2,LOW,HIGH,MEDIUM,HIGH,HIGH,3.23
Paddy,Rabi,Sandy Soil,1.6,HIGH,LOW,MEDIUM,MEDIUM,LOW,3.08
Groundnut,Kharif,Red Soil,5.2,HIGH,HIGH,LOW,HIGH,MEDIUM,1.96
Groundnut,Kharif,Clay Soil,6.5,LOW,MEDIUM,LOW,HIGH,LOW,1.53
Cotton,Summer,Black Soil,6.9,MEDIUM,MEDIUM,LOW,HIGH,MEDIUM,2.06
Chili,Summer,Black Soil,2.5,HIGH,MEDIUM,LOW,HIGH,MEDIUM,3.08
Cotton,Rabi,Sandy Soil,4.3,MEDIUM,HIGH,HIGH,LOW,MEDIUM,1.83
Chili,Summer,Sandy Soil,4.3,LOW,HIGH,MEDIUM,LOW,MEDIUM,2.21
Chili,Rabi,Loamy Soil,5.8,LOW,LOW,HIGH,HIGH,MEDIUM,2.66
Sugarcane,Rabi,Loamy Soil,7.4,MEDIUM,MEDIUM,MEDIUM,MEDIUM,LOW,80.39
Maize,Summer,Black Soil,6.1,HIGH,LOW,HIGH,MEDIUM,HIGH,6.13
Chili,Kharif,Clay Soil,4.8,HIGH,LOW,LOW,LOW,MEDIUM,2.22
Maize,Rabi,Black Soil,6.1,MEDIUM,LOW,LOW,LOW,HIGH,4.5
Paddy,Kharif,Loamy Soil,5.6,LOW,HIGH,HIGH,LOW,HIGH,5.59
Tomato,Kharif,Sandy Soil,5.6,HIGH,HIGH,LOW,LOW,HIGH,19.31
Cotton,Rabi,Clay Soil,4.3,LOW,HIGH,MEDIUM,MEDIUM,MEDIUM,2.03
Sugarcane,Rabi,Clay Soil,2.1,LOW,MEDIUM,LOW,MEDIUM,MEDIUM,55.19
Groundnut,Kharif,Clay Soil,7.7,MEDIUM,LOW,MEDIUM,LOW,MEDIUM,1.68
Maize,Kharif,Sandy Soil,1.8,HIGH,MEDIUM,LOW,HIGH,HIGH,4.4
Paddy,Rabi,Clay Soil,1.7,LOW,LOW,HIGH,HIGH,MEDIUM,3.74
Maize,Kharif,Red Soil,7.5,HIGH,MEDIUM,MEDIUM,LOW,HIGH,5.0
Groundnut,Rabi,Loamy Soil,1.0,HIGH,MEDIUM,MEDIUM,MEDIUM,MEDIUM,2.52
Sugarcane,Kharif,Loamy Soil,2.6,MEDIUM,HIGH,MEDIUM,LOW,HIGH,83.76
Tomato,Rabi,Clay Soil,5.8,MEDIUM,LOW,HIGH,HIGH,LOW,20.54
Groundnut,Kharif,Sandy Soil,6.3,MEDIUM,HIGH,LOW,LOW,HIGH,1.69
Paddy,Rabi,Black Soil,3.1,MEDIUM,LOW,HIGH,HIGH,MEDIUM,4.25
Maize,Summer,Black Soil,2.0,LOW,LOW,HIGH,HIGH,LOW,4.59
Maize,Rabi,Red Soil,6.5,HIGH,MEDIUM,MEDIUM,HIGH,MEDIUM,5.44
Groundnut,Kharif,Clay Soil,6.5,LOW,MEDIUM,LOW,LOW,HIGH,1.55
Chili,Summer,Sandy Soil,7.6,HIGH,LOW,HIGH,HIGH,LOW,2.21
Cotton,Rabi,Red Soil,4.3,HIGH,LOW,LOW,HIGH,HIGH,1.91
Cotton,Kharif,Black Soil,5.4,MEDIUM,LOW,MEDIUM,HIGH,LOW,2.08
Sugarcane,Kharif,Red Soil,4.5,HIGH,LOW,LOW,LOW,MEDIUM,55.07
Groundnut,Summer,Sandy Soil,3.3,HIGH,HIGH,HIGH,LOW,MEDIUM,1.9
Sugarcane,Kharif,Loamy Soil,2.2,LOW,LOW,MEDIUM,LOW,MEDIUM,57.14
Cotton,Summer,Clay Soil,4.9,MEDIUM,LOW,HIGH,LOW,LOW,1.7
Tomato,Rabi,Black Soil,1.1,MEDIUM,LOW,LOW,LOW,LOW,20.37
Paddy,Summer,Loamy Soil,7.2,MEDIUM,HIGH,MEDIUM,HIGH,LOW,5.44
Tomato,Rabi,Sandy Soil,2.7,LOW,HIGH,HIGH,LOW,HIGH,21.99
Cotton,Summer,Sandy Soil,5.3,LOW,HIGH,MEDIUM,MEDIUM,MEDIUM,1.62
Paddy,Summer,Red Soil,5.3,HIGH,HIGH,LOW,MEDIUM,HIGH,4.54
Chili,Kharif,Clay Soil,1.4,LOW,LOW,HIGH,MEDIUM,MEDIUM,2.34
Paddy,Kharif,Clay Soil,3.0,MEDIUM,MEDIUM,MEDIUM,HIGH,MEDIUM,5.23
Paddy,Kharif,Red Soil,7.5,LOW,LOW,LOW,MEDIUM,HIGH,3.77
Chili,Rabi,Loamy Soil,5.1,MEDIUM,LOW,HIGH,HIGH,MEDIUM,3.27
Cotton,Kharif,Clay Soil,2.6,LOW,HIGH,MEDIUM,LOW,MEDIUM,1.98
Tomato,Rabi,Red Soil,7.2,LOW,LOW,HIGH,MEDIUM,LOW,18.04
Maize,Rabi,Black Soil,4.2,LOW,HIGH,MEDIUM,MEDIUM,LOW,5.13
Tomato,Kharif,Clay Soil,2.0,MEDIUM,MEDIUM,MEDIUM,LOW,MEDIUM,22.23
Cotton,Rabi,Loamy Soil,2.1,HIGH,HIGH,LOW,HIGH,HIGH,2.82
Sugarcane,Summer,Sandy Soil,7.0,LOW,HIGH,MEDIUM,MEDIUM,MEDIUM,58.21
Paddy,Summer,Sandy Soil,6.2,LOW,LOW,MEDIUM,MEDIUM,HIGH,3.07
Cotton,Summer,Red Soil,3.9,LOW,LOW,MEDIUM,HIGH,HIGH,1.79
Paddy,Rabi,Loamy Soil,3.8,HIGH,LOW,MEDIUM,MEDIUM,LOW,4.84
Chili,Summer,Sandy Soil,7.6,LOW,MEDIUM,MEDIUM,LOW,HIGH,2.12
Paddy,Kharif,Sandy Soil,5.7,LOW,HIGH,MEDIUM,HIGH,HIGH,3.6
Maize,Kharif,Sandy Soil,2.3,MEDIUM,HIGH,MEDIUM,HIGH,HIGH,4.52
Paddy,Summer,Red Soil,3.7,HIGH,MEDIUM,HIGH,LOW,MEDIUM,4.27
Tomato,Summer,Loamy Soil,6.6,HIGH,LOW,HIGH,MEDIUM,HIGH,28.34
Paddy,Summer,Clay Soil,7.2,LOW,MEDIUM,MEDIUM,MEDIUM,HIGH,4.32
Chili,Summer,Red Soil,4.9,LOW,LOW,MEDIUM,LOW,HIGH,2.05
Paddy,Summer,Sandy Soil,6.2,HIGH,HIGH,LOW,HIGH,LOW,3.44
Tomato,Summer,Sandy Soil,2.9,LOW,MEDIUM,MEDIUM,MEDIUM,MEDIUM,20.05
Tomato,Summer,Red Soil,4.3,HIGH,HIGH,HIGH,MEDIUM,MEDIUM,25.2
Chili,Kharif,Black Soil,7.2,MEDIUM,LOW,LOW,MEDIUM,LOW,2.12
Groundnut,Kharif,Red Soil,2.2,LOW,HIGH,LOW,MEDIUM,LOW,1.64
Chili,Kharif,Clay Soil,3.9,HIGH,HIGH,LOW,MEDIUM,MEDIUM,2.68
Maize,Rabi,Red Soil,3.0,LOW,LOW,LOW,HIGH,HIGH,3.62
Chili,Summer,Clay Soil,4.4,HIGH,HIGH,HIGH,HIGH,MEDIUM,3.49
Maize,Rabi,Loamy Soil,1.9,MEDIUM,LOW,MEDIUM,LOW,MEDIUM,4.76
Sugarcane,Kharif,Black Soil,3.5,MEDIUM,LOW,HIGH,LOW,HIGH,76.05
